{
  "project_info": {
    "project_number": "1045007785867",
    "project_id": "icu-timetable-app-470b2",
    "storage_bucket": "icu-timetable-app-470b2.firebasestorage.app"
  },
  "client": [
    {
      "client_info": {
        "mobilesdk_app_id": "1:1045007785867:android:0d650507e39a4ea780198e",
        "android_client_info": {
          "package_name": "com.example.icu_timetable_app"
        }
      },
      "oauth_client": [],
      "api_key": [
        {
          "current_key": "AIzaSyDX7u6yAwOHClFMS0mIkhOXidzGf9dRUOU"
        }
      ],
      "services": {
        "appinvite_service": {
          "other_platform_oauth_client": []
        }
      }
    }
  ],
  "configuration_version": "1"
}